DrinkType,SizeOz,PAPER_EN_s,GRINDER_EN_s,POUROVER_EN_s,PRESSURE_EN_s,WATER_EN_s,CH_EN_s,ND_EN_s,Total_s
Drip,10,1.0,3.0,10.0,0.0,0.0,0.0,0.0,14.0
Drip,16,1.0,4.8,16.0,0.0,0.0,0.0,0.0,21.8
Drip,20,1.0,6.0,20.0,0.0,0.0,0.0,0.0,27.0
Americano,10,1.0,0.6,0.0,4.0,8.0,0.0,0.0,13.6
Americano,16,1.0,0.6,0.0,4.0,14.0,0.0,0.0,19.6
Americano,20,1.0,0.6,0.0,4.0,18.0,0.0,0.0,23.6
Latte,10,1.0,0.6,0.0,4.0,0.0,0.0,8.0,13.6
Latte,16,1.0,0.6,0.0,4.0,0.0,0.0,14.0,19.6
Latte,20,1.0,0.6,0.0,4.0,0.0,0.0,18.0,23.6
Mocha,10,1.0,0.6,0.0,4.0,0.0,3.0,7.0,15.6
Mocha,16,1.0,0.6,0.0,4.0,0.0,3.0,13.0,21.6
Mocha,20,1.0,0.6,0.0,4.0,0.0,3.0,17.0,25.6
Espresso,10,1.0,3.0,0.0,20.0,0.0,0.0,0.0,24.0
Espresso,16,1.0,4.8,0.0,32.0,0.0,0.0,0.0,37.8
Espresso,20,1.0,6.0,0.0,40.0,0.0,0.0,0.0,47.0
